application/vnd.hzn-3d-crossword,3D Crossword Plugin,.x3d
video/3gpp,3GP,.3gp
video/3gpp2,3GP2,.3g2
application/vnd.mseq,3GPP MSEQ File,.mseq
application/vnd.3m.post-it-notes,3M Post It Notes,.pwn
application/vnd.3gpp.pic-bw-large,3rd Generation Partnership Project - Pic Large,.plb
application/vnd.3gpp.pic-bw-small,3rd Generation Partnership Project - Pic Small,.psb
application/vnd.3gpp.pic-bw-var,3rd Generation Partnership Project - Pic Var,.pvb
application/vnd.3gpp2.tcap,3rd Generation Partnership Project - Transaction Capabilities Application Part,.tcap
application/x-7z-compressed,7-Zip,.7z
application/x-abiword,AbiWord,.abw
application/x-ace-compressed,Ace Archive,.ace
application/vnd.americandynamics.acc,Active Content Compression,.acc
application/vnd.acucobol,ACU Cobol,.acu
application/vnd.acucorp,ACU Cobol,.atc
audio/adpcm,Adaptive differential pulse-code modulation,.adp
application/x-authorware-bin,Adobe (Macropedia) Authorware - Binary File,.aab
application/x-authorware-map,Adobe (Macropedia) Authorware - Map,.aam
application/x-authorware-seg,Adobe (Macropedia) Authorware - Segment File,.aas
application/vnd.adobe.air-application-installer-package+zip,Adobe AIR Application,.air
application/x-shockwave-flash,Adobe Flash,.swf
application/vnd.adobe.fxp,Adobe Flex Project,.fxp
application/pdf,Adobe Portable Document Format,.pdf
application/vnd.cups-ppd,Adobe PostScript Printer Description File Format,.ppd
application/x-director,Adobe Shockwave Player,.dir
application/vnd.adobe.xdp+xml,Adobe XML Data Package,.xdp
application/vnd.adobe.xfdf,Adobe XML Forms Data Format,.xfdf
audio/x-aac,Advanced Audio Coding (AAC),.aac
application/vnd.ahead.space,Ahead AIR Application,.ahead
application/vnd.airzip.filesecure.azf,AirZip FileSECURE,.azf
application/vnd.airzip.filesecure.azs,AirZip FileSECURE,.azs
application/vnd.amazon.ebook,Amazon Kindle eBook format,.azw
application/vnd.amiga.ami,AmigaDE,.ami
application/andrew-inset,Andrew Toolkit,N/A
application/vnd.android.package-archive,Android Package Archive,.apk
application/vnd.anser-web-certificate-issue-initiation,ANSER-WEB Terminal Client - Certificate Issue,.cii
application/vnd.anser-web-funds-transfer-initiation,ANSER-WEB Terminal Client - Web Funds Transfer,.fti
application/vnd.antix.game-component,Antix Game Player,.atx
application/vnd.apple.installer+xml,Apple Installer Package,.mpkg
application/applixware,Applixware,.aw
application/vnd.hhe.lesson-player,Archipelago Lesson Player,.les
application/vnd.aristanetworks.swi,Arista Networks Software Image,.swi
text/x-asm,Assembler Source File,.s
application/atomcat+xml,Atom Publishing Protocol,.atomcat
application/atomsvc+xml,Atom Publishing Protocol Service Document,.atomsvc
application/atom+xml,Atom Syndication Format,".atom, .xml"
application/pkix-attr-cert,Attribute Certificate,.ac
audio/x-aiff,Audio Interchange File Format,.aif
video/x-msvideo,Audio Video Interleave (AVI),.avi
application/vnd.audiograph,Audiograph,.aep
image/vnd.dxf,AutoCAD DXF,.dxf
model/vnd.dwf,Autodesk Design Web Format (DWF),.dwf
text/plain-bas,BAS Partitur Format,.par
application/x-bcpio,Binary CPIO Archive,.bcpio
application/octet-stream,Binary Data,.bin
image/bmp,Bitmap Image File,.bmp
application/x-bittorrent,BitTorrent,.torrent
application/vnd.rim.cod,Blackberry COD File,.cod
application/vnd.blueice.multipass,Blueice Research Multipass,.mpm
application/vnd.bmi,BMI Drawing Data Interchange,.bmi
application/x-sh,Bourne Shell Script,.sh
image/prs.btif,BTIF,.btif
application/vnd.businessobjects,BusinessObjects,.rep
application/x-bzip,Bzip Archive,.bz
application/x-bzip2,Bzip2 Archive,.bz2
application/x-csh,C Shell Script,.csh
text/x-c,C Source File,.c
application/vnd.chemdraw+xml,CambridgeSoft Chem Draw,.cdxml
text/css,Cascading Style Sheets (CSS),.css
chemical/x-cdx,ChemDraw eXchange file,.cdx
chemical/x-cml,Chemical Markup Language,.cml
chemical/x-csml,Chemical Style Markup Language,.csml
application/vnd.contact.cmsg,CIM Database,.cdbcmsg
application/vnd.claymore,Claymore Data Files,.cla
application/vnd.clonk.c4group,Clonk Game,.c4g
image/vnd.dvb.subtitle,Close Captioning - Subtitle,.sub
application/cdmi-capability,Cloud Data Management Interface (CDMI) - Capability,.cdmia
application/cdmi-container,Cloud Data Management Interface (CDMI) - Contaimer,.cdmic
application/cdmi-domain,Cloud Data Management Interface (CDMI) - Domain,.cdmid
application/cdmi-object,Cloud Data Management Interface (CDMI) - Object,.cdmio
application/cdmi-queue,Cloud Data Management Interface (CDMI) - Queue,.cdmiq
application/vnd.cluetrust.cartomobile-config,ClueTrust CartoMobile - Config,.c11amc
application/vnd.cluetrust.cartomobile-config-pkg,ClueTrust CartoMobile - Config Package,.c11amz
image/x-cmu-raster,CMU Image,.ras
model/vnd.collada+xml,COLLADA,.dae
text/csv,Comma-Separated Values,.csv
application/mac-compactpro,Compact Pro,.cpt
application/vnd.wap.wmlc,Compiled Wireless Markup Language (WMLC),.wmlc
image/cgm,Computer Graphics Metafile,.cgm
x-conference/x-cooltalk,CoolTalk,.ice
image/x-cmx,Corel Metafile Exchange (CMX),.cmx
application/vnd.xara,CorelXARA,.xar
application/vnd.cosmocaller,CosmoCaller,.cmc
application/x-cpio,CPIO Archive,.cpio
application/vnd.crick.clicker,CrickSoftware - Clicker,.clkx
application/vnd.crick.clicker.keyboard,CrickSoftware - Clicker - Keyboard,.clkk
application/vnd.crick.clicker.palette,CrickSoftware - Clicker - Palette,.clkp
application/vnd.crick.clicker.template,CrickSoftware - Clicker - Template,.clkt
application/vnd.crick.clicker.wordbank,CrickSoftware - Clicker - Wordbank,.clkw
application/vnd.criticaltools.wbs+xml,Critical Tools - PERT Chart EXPERT,.wbs
application/vnd.rig.cryptonote,CryptoNote,.cryptonote
chemical/x-cif,Crystallographic Interchange Format,.cif
chemical/x-cmdf,CrystalMaker Data Format,.cmdf
application/cu-seeme,CU-SeeMe,.cu
application/prs.cww,CU-Writer,.cww
text/vnd.curl,Curl - Applet,.curl
text/vnd.curl.dcurl,Curl - Detached Applet,.dcurl
text/vnd.curl.mcurl,Curl - Manifest File,.mcurl
text/vnd.curl.scurl,Curl - Source Code,.scurl
application/vnd.curl.car,CURL Applet,.car
application/vnd.curl.pcurl,CURL Applet,.pcurl
application/vnd.yellowriver-custom-menu,CustomMenu,.cmp
application/dssc+der,Data Structure for the Security Suitability of Cryptographic Algorithms,.dssc
application/dssc+xml,Data Structure for the Security Suitability of Cryptographic Algorithms,.xdssc
application/x-debian-package,Debian Package,.deb
audio/vnd.dece.audio,DECE Audio,.uva
image/vnd.dece.graphic,DECE Graphic,.uvi
video/vnd.dece.hd,DECE High Definition Video,.uvh
video/vnd.dece.mobile,DECE Mobile Video,.uvm
video/vnd.uvvu.mp4,DECE MP4,.uvu
video/vnd.dece.pd,DECE PD Video,.uvp
video/vnd.dece.sd,DECE SD Video,.uvs
video/vnd.dece.video,DECE Video,.uvv
application/x-dvi,Device Independent File Format (DVI),.dvi
application/vnd.fdsn.seed,Digital Siesmograph Networks - SEED Datafiles,.seed
application/x-dtbook+xml,Digital Talking Book,.dtb
application/x-dtbresource+xml,Digital Talking Book - Resource File,.res
application/vnd.dvb.ait,Digital Video Broadcasting,.ait
application/vnd.dvb.service,Digital Video Broadcasting,.svc
audio/vnd.digital-winds,Digital Winds Music,.eol
image/vnd.djvu,DjVu,.djvu
application/xml-dtd,Document Type Definition,.dtd
application/vnd.dolby.mlp,Dolby Meridian Lossless Packing,.mlp
application/x-doom,Doom Video Game,.wad
application/vnd.dpgraph,DPGraph,.dpg
audio/vnd.dra,DRA Audio,.dra
application/vnd.dreamfactory,DreamFactory,.dfac
audio/vnd.dts,DTS Audio,.dts
audio/vnd.dts.hd,DTS High Definition Audio,.dtshd
image/vnd.dwg,DWG Drawing,.dwg
application/vnd.dynageo,DynaGeo,.geo
application/ecmascript,ECMAScript,.es
application/vnd.ecowin.chart,EcoWin Chart,.mag
image/vnd.fujixerox.edmics-mmr,EDMICS 2000,.mmr
image/vnd.fujixerox.edmics-rlc,EDMICS 2000,.rlc
application/exi,Efficient XML Interchange,.exi
application/vnd.proteus.magazine,EFI Proteus,.mgz
application/epub+zip,Electronic Publication,.epub
message/rfc822,Email Message,.eml
application/vnd.enliven,Enliven Viewer,.nml
application/vnd.is-xpr,Express by Infoseek,.xpr
image/vnd.xiff,eXtended Image File Format (XIFF),.xif
application/vnd.xfdl,Extensible Forms Description Language,.xfdl
application/emma+xml,Extensible MultiModal Annotation,.emma
application/vnd.ezpix-album,EZPix Secure Photo Album,.ez2
application/vnd.ezpix-package,EZPix Secure Photo Album,.ez3
image/vnd.fst,FAST Search & Transfer ASA,.fst
video/vnd.fvt,FAST Search & Transfer ASA,.fvt
image/vnd.fastbidsheet,FastBid Sheet,.fbs
application/vnd.denovo.fcselayout-link,FCS Express Layout Link,.fe_launch
video/x-f4v,Flash Video,.f4v
video/x-flv,Flash Video,.flv
image/vnd.fpx,FlashPix,.fpx
image/vnd.net-fpx,FlashPix,.npx
text/vnd.fmi.flexstor,FLEXSTOR,.flx
video/x-fli,FLI/FLC Animation Format,.fli
application/vnd.fluxtime.clip,FluxTime Clip,.ftc
application/vnd.fdf,Forms Data Format,.fdf
text/x-fortran,Fortran Source File,.f
application/vnd.mif,FrameMaker Interchange Format,.mif
application/vnd.framemaker,FrameMaker Normal Format,.fm
image/x-freehand,FreeHand MX,.fh
application/vnd.fsc.weblaunch,Friendly Software Corporation,.fsc
application/vnd.frogans.fnc,Frogans Player,.fnc
application/vnd.frogans.ltf,Frogans Player,.ltf
application/vnd.fujixerox.ddd,Fujitsu - Xerox 2D CAD Data,.ddd
application/vnd.fujixerox.docuworks,Fujitsu - Xerox DocuWorks,.xdw
application/vnd.fujixerox.docuworks.binder,Fujitsu - Xerox DocuWorks Binder,.xbd
application/vnd.fujitsu.oasys,Fujitsu Oasys,.oas
application/vnd.fujitsu.oasys2,Fujitsu Oasys,.oa2
application/vnd.fujitsu.oasys3,Fujitsu Oasys,.oa3
application/vnd.fujitsu.oasysgp,Fujitsu Oasys,.fg5
application/vnd.fujitsu.oasysprs,Fujitsu Oasys,.bh2
application/x-futuresplash,FutureSplash Animator,.spl
application/vnd.fuzzysheet,FuzzySheet,.fzs
image/g3fax,G3 Fax Image,.g3
application/vnd.gmx,GameMaker ActiveX,.gmx
model/vnd.gtw,Gen-Trix Studio,.gtw
application/vnd.genomatix.tuxedo,Genomatix Tuxedo Framework,.txd
application/vnd.geogebra.file,GeoGebra,.ggb
application/vnd.geogebra.tool,GeoGebra,.ggt
model/vnd.gdl,Geometric Description Language (GDL),.gdl
application/vnd.geometry-explorer,GeoMetry Explorer,.gex
application/vnd.geonext,GEONExT and JSXGraph,.gxt
application/vnd.geoplan,GeoplanW,.g2w
application/vnd.geospace,GeospacW,.g3w
application/x-font-ghostscript,Ghostscript Font,.gsf
application/x-font-bdf,Glyph Bitmap Distribution Format,.bdf
application/x-gtar,GNU Tar Files,.gtar
application/x-texinfo,GNU Texinfo Document,.texinfo
application/x-gnumeric,Gnumeric,.gnumeric
application/vnd.google-earth.kml+xml,Google Earth - KML,.kml
application/vnd.google-earth.kmz,Google Earth - Zipped KML,.kmz
application/vnd.grafeq,GrafEq,.gqf
image/gif,Graphics Interchange Format,.gif
text/vnd.graphviz,Graphviz,.gv
application/vnd.groove-account,Groove - Account,.gac
application/vnd.groove-help,Groove - Help,.ghf
application/vnd.groove-identity-message,Groove - Identity Message,.gim
application/vnd.groove-injector,Groove - Injector,.grv
application/vnd.groove-tool-message,Groove - Tool Message,.gtm
application/vnd.groove-tool-template,Groove - Tool Template,.tpl
application/vnd.groove-vcard,Groove - Vcard,.vcg
video/h261,H.261,.h261
video/h263,H.263,.h263
video/h264,H.264,.h264
application/vnd.hp-hpid,Hewlett Packard Instant Delivery,.hpid
application/vnd.hp-hps,Hewlett-Packard's WebPrintSmart,.hps
application/x-hdf,Hierarchical Data Format,.hdf
audio/vnd.rip,Hit'n'Mix,.rip
application/vnd.hbci,Homebanking Computer Interface (HBCI),.hbci
application/vnd.hp-jlyt,HP Indigo Digital Press - Job Layout Languate,.jlt
application/vnd.hp-pcl,HP Printer Command Language,.pcl
application/vnd.hp-hpgl,HP-GL/2 and HP RTL,.hpgl
application/vnd.yamaha.hv-script,HV Script,.hvs
application/vnd.yamaha.hv-dic,HV Voice Dictionary,.hvd
application/vnd.yamaha.hv-voice,HV Voice Parameter,.hvp
application/vnd.hydrostatix.sof-data,Hydrostatix Master Suite,.sfd-hdstx
application/hyperstudio,Hyperstudio,.stk
application/vnd.hal+xml,Hypertext Application Language,.hal
text/html,HyperText Markup Language (HTML),.html
application/vnd.ibm.rights-management,IBM DB2 Rights Manager,.irm
application/vnd.ibm.secure-container,IBM Electronic Media Management System - Secure Container,.sc
text/calendar,iCalendar,.ics
application/vnd.iccprofile,ICC profile,.icc
image/x-icon,Icon Image,.ico
application/vnd.igloader,igLoader,.igl
image/ief,Image Exchange Format,.ief
application/vnd.immervision-ivp,ImmerVision PURE Players,.ivp
application/vnd.immervision-ivu,ImmerVision PURE Players,.ivu
application/reginfo+xml,IMS Networks,.rif
text/vnd.in3d.3dml,In3D - 3DML,.3dml
text/vnd.in3d.spot,In3D - 3DML,.spot
model/iges,Initial Graphics Exchange Specification (IGES),.igs
application/vnd.intergeo,Interactive Geometry Software,.i2g
application/vnd.cinderella,Interactive Geometry Software Cinderella,.cdy
application/vnd.intercon.formnet,Intercon FormNet,.xpw
application/vnd.isac.fcs,International Society for Advancement of Cytometry,.fcs
application/ipfix,Internet Protocol Flow Information Export,.ipfix
application/pkix-cert,Internet Public Key Infrastructure - Certificate,.cer
application/pkixcmp,Internet Public Key Infrastructure - Certificate Management Protocole,.pki
application/pkix-crl,Internet Public Key Infrastructure - Certificate Revocation Lists,.crl
application/pkix-pkipath,Internet Public Key Infrastructure - Certification Path,.pkipath
application/vnd.insors.igm,IOCOM Visimeet,.igm
application/vnd.ipunplugged.rcprofile,IP Unplugged Roaming Client,.rcprofile
application/vnd.irepository.package+xml,iRepository / Lucidoc Editor,.irp
text/vnd.sun.j2me.app-descriptor,J2ME App Descriptor,.jad
application/java-archive,Java Archive,.jar
application/java-vm,Java Bytecode File,.class
application/x-java-jnlp-file,Java Network Launching Protocol,.jnlp
application/java-serialized-object,Java Serialized Object,.ser
"text/x-java-source,java",Java Source File,.java
application/javascript,JavaScript,.js
application/json,JavaScript Object Notation (JSON),.json
application/vnd.joost.joda-archive,Joda Archive,.joda
video/jpm,JPEG 2000 Compound Image File Format,.jpm
image/jpeg,JPEG Image,.jpeg
image/jpeg,JPEG Image,.jpg
video/jpeg,JPGVideo,.jpgv
application/vnd.kahootz,Kahootz,.ktz
application/vnd.chipnuts.karaoke-mmd,Karaoke on Chipnuts Chipsets,.mmd
application/vnd.kde.karbon,KDE KOffice Office Suite - Karbon,.karbon
application/vnd.kde.kchart,KDE KOffice Office Suite - KChart,.chrt
application/vnd.kde.kformula,KDE KOffice Office Suite - Kformula,.kfo
application/vnd.kde.kivio,KDE KOffice Office Suite - Kivio,.flw
application/vnd.kde.kontour,KDE KOffice Office Suite - Kontour,.kon
application/vnd.kde.kpresenter,KDE KOffice Office Suite - Kpresenter,.kpr
application/vnd.kde.kspread,KDE KOffice Office Suite - Kspread,.ksp
application/vnd.kde.kword,KDE KOffice Office Suite - Kword,.kwd
application/vnd.kenameaapp,Kenamea App,.htke
application/vnd.kidspiration,Kidspiration,.kia
application/vnd.kinar,Kinar Applications,.kne
application/vnd.kodak-descriptor,Kodak Storyshare,.sse
application/vnd.las.las+xml,Laser App Enterprise,.lasxml
application/x-latex,LaTeX,.latex
application/vnd.llamagraphics.life-balance.desktop,Life Balance - Desktop Edition,.lbd
application/vnd.llamagraphics.life-balance.exchange+xml,Life Balance - Exchange Format,.lbe
application/vnd.jam,Lightspeed Audio Lab,.jam
application/vnd.lotus-1-2-3,Lotus 1-2-3,.123
application/vnd.lotus-approach,Lotus Approach,.apr
application/vnd.lotus-freelance,Lotus Freelance,.pre
application/vnd.lotus-notes,Lotus Notes,.nsf
application/vnd.lotus-organizer,Lotus Organizer,.org
application/vnd.lotus-screencam,Lotus Screencam,.scm
application/vnd.lotus-wordpro,Lotus Wordpro,.lwp
audio/vnd.lucent.voice,Lucent Voice,.lvp
audio/x-mpegurl,M3U (Multimedia Playlist),.m3u
video/x-m4v,M4v,.m4v
application/mac-binhex40,Macintosh BinHex 4.0,.hqx
application/vnd.macports.portpkg,MacPorts Port System,.portpkg
application/vnd.osgeo.mapguide.package,MapGuide DBXML,.mgp
application/marc,MARC Formats,.mrc
application/marcxml+xml,MARC21 XML Schema,.mrcx
application/mxf,Material Exchange Format,.mxf
application/vnd.wolfram.player,Mathematica Notebook Player,.nbp
application/mathematica,Mathematica Notebooks,.ma
application/mathml+xml,Mathematical Markup Language,.mathml
application/mbox,Mbox database files,.mbox
application/vnd.medcalcdata,MedCalc,.mc1
application/mediaservercontrol+xml,Media Server Control Markup Language,.mscml
application/vnd.mediastation.cdkey,MediaRemote,.cdkey
application/vnd.mfer,Medical Waveform Encoding Format,.mwf
application/vnd.mfmp,Melody Format for Mobile Platform,.mfm
model/mesh,Mesh Data Type,.msh
application/mads+xml,Metadata Authority Description Schema,.mads
application/mets+xml,Metadata Encoding and Transmission Standard,.mets
application/mods+xml,Metadata Object Description Schema,.mods
application/metalink4+xml,Metalink,.meta4
application/vnd.ms-powerpoint.template.macroenabled.12,Micosoft PowerPoint - Macro-Enabled Template File,.potm
application/vnd.ms-word.document.macroenabled.12,Micosoft Word - Macro-Enabled Document,.docm
application/vnd.ms-word.template.macroenabled.12,Micosoft Word - Macro-Enabled Template,.dotm
application/vnd.mcd,Micro CADAM Helix D&D,.mcd
application/vnd.micrografx.flo,Micrografx,.flo
application/vnd.micrografx.igx,Micrografx iGrafx Professional,.igx
application/vnd.eszigno3+xml,MICROSEC e-SzignÂ¢,.es3
application/x-msaccess,Microsoft Access,.mdb
video/x-ms-asf,Microsoft Advanced Systems Format (ASF),.asf
application/x-msdownload,Microsoft Application,.exe
application/vnd.ms-artgalry,Microsoft Artgalry,.cil
application/vnd.ms-cab-compressed,Microsoft Cabinet File,.cab
application/vnd.ms-ims,Microsoft Class Server,.ims
application/x-ms-application,Microsoft ClickOnce,.application
application/x-msclip,Microsoft Clipboard Clip,.clp
image/vnd.ms-modi,Microsoft Document Imaging Format,.mdi
application/vnd.ms-fontobject,Microsoft Embedded OpenType,.eot
application/vnd.ms-excel,Microsoft Excel,.xls
application/vnd.ms-excel.addin.macroenabled.12,Microsoft Excel - Add-In File,.xlam
application/vnd.ms-excel.sheet.binary.macroenabled.12,Microsoft Excel - Binary Workbook,.xlsb
application/vnd.ms-excel.template.macroenabled.12,Microsoft Excel - Macro-Enabled Template File,.xltm
application/vnd.ms-excel.sheet.macroenabled.12,Microsoft Excel - Macro-Enabled Workbook,.xlsm
application/vnd.ms-htmlhelp,Microsoft Html Help File,.chm
application/x-mscardfile,Microsoft Information Card,.crd
application/vnd.ms-lrm,Microsoft Learning Resource Module,.lrm
application/x-msmediaview,Microsoft MediaView,.mvb
application/x-msmoney,Microsoft Money,.mny
application/vnd.openxmlformats-officedocument.presentationml.presentation,Microsoft Office - OOXML - Presentation,.pptx
application/vnd.openxmlformats-officedocument.presentationml.slide,Microsoft Office - OOXML - Presentation (Slide),.sldx
application/vnd.openxmlformats-officedocument.presentationml.slideshow,Microsoft Office - OOXML - Presentation (Slideshow),.ppsx
application/vnd.openxmlformats-officedocument.presentationml.template,Microsoft Office - OOXML - Presentation Template,.potx
application/vnd.openxmlformats-officedocument.spreadsheetml.sheet,Microsoft Office - OOXML - Spreadsheet,.xlsx
application/vnd.openxmlformats-officedocument.spreadsheetml.template,Microsoft Office - OOXML - Spreadsheet Teplate,.xltx
application/vnd.openxmlformats-officedocument.wordprocessingml.document,Microsoft Office - OOXML - Word Document,.docx
application/vnd.openxmlformats-officedocument.wordprocessingml.template,Microsoft Office - OOXML - Word Document Template,.dotx
application/x-msbinder,Microsoft Office Binder,.obd
application/vnd.ms-officetheme,Microsoft Office System Release Theme,.thmx
application/onenote,Microsoft OneNote,.onetoc
audio/vnd.ms-playready.media.pya,Microsoft PlayReady Ecosystem,.pya
video/vnd.ms-playready.media.pyv,Microsoft PlayReady Ecosystem Video,.pyv
application/vnd.ms-powerpoint,Microsoft PowerPoint,.ppt
application/vnd.ms-powerpoint.addin.macroenabled.12,Microsoft PowerPoint - Add-in file,.ppam
application/vnd.ms-powerpoint.slide.macroenabled.12,Microsoft PowerPoint - Macro-Enabled Open XML Slide,.sldm
application/vnd.ms-powerpoint.presentation.macroenabled.12,Microsoft PowerPoint - Macro-Enabled Presentation File,.pptm
application/vnd.ms-powerpoint.slideshow.macroenabled.12,Microsoft PowerPoint - Macro-Enabled Slide Show File,.ppsm
application/vnd.ms-project,Microsoft Project,.mpp
application/x-mspublisher,Microsoft Publisher,.pub
application/x-msschedule,Microsoft Schedule+,.scd
application/x-silverlight-app,Microsoft Silverlight,.xap
application/vnd.ms-pki.stl,Microsoft Trust UI Provider - Certificate Trust Link,.stl
application/vnd.ms-pki.seccat,Microsoft Trust UI Provider - Security Catalog,.cat
application/vnd.visio,Microsoft Visio,.vsd
video/x-ms-wm,Microsoft Windows Media,.wm
audio/x-ms-wma,Microsoft Windows Media Audio,.wma
audio/x-ms-wax,Microsoft Windows Media Audio Redirector,.wax
video/x-ms-wmx,Microsoft Windows Media Audio/Video Playlist,.wmx
application/x-ms-wmd,Microsoft Windows Media Player Download Package,.wmd
application/vnd.ms-wpl,Microsoft Windows Media Player Playlist,.wpl
application/x-ms-wmz,Microsoft Windows Media Player Skin Package,.wmz
video/x-ms-wmv,Microsoft Windows Media Video,.wmv
video/x-ms-wvx,Microsoft Windows Media Video Playlist,.wvx
application/x-msmetafile,Microsoft Windows Metafile,.wmf
application/x-msterminal,Microsoft Windows Terminal Services,.trm
application/msword,Microsoft Word,.doc
application/x-mswrite,Microsoft Wordpad,.wri
application/vnd.ms-works,Microsoft Works,.wps
application/x-ms-xbap,Microsoft XAML Browser Application,.xbap
application/vnd.ms-xpsdocument,Microsoft XML Paper Specification,.xps
audio/midi,MIDI - Musical Instrument Digital Interface,.mid
application/vnd.ibm.minipay,MiniPay,.mpy
application/vnd.ibm.modcap,MO:DCA-P,.afp
application/vnd.jcp.javame.midlet-rms,Mobile Information Device Profile,.rms
application/vnd.tmobile-livetv,MobileTV,.tmo
application/x-mobipocket-ebook,Mobipocket,.prc
application/vnd.mobius.mbk,Mobius Management Systems - Basket file,.mbk
application/vnd.mobius.dis,Mobius Management Systems - Distribution Database,.dis
application/vnd.mobius.plc,Mobius Management Systems - Policy Definition Language File,.plc
application/vnd.mobius.mqy,Mobius Management Systems - Query File,.mqy
application/vnd.mobius.msl,Mobius Management Systems - Script Language,.msl
application/vnd.mobius.txf,Mobius Management Systems - Topic Index File,.txf
application/vnd.mobius.daf,Mobius Management Systems - UniversalArchive,.daf
text/vnd.fly,mod_fly / fly.cgi,.fly
application/vnd.mophun.certificate,Mophun Certificate,.mpc
application/vnd.mophun.application,Mophun VM,.mpn
video/mj2,Motion JPEG 2000,.mj2
audio/mpeg,MPEG Audio,.mpga
video/vnd.mpegurl,MPEG Url,.mxu
video/mpeg,MPEG Video,.mpeg
application/mp21,MPEG-21,.m21
audio/mp4,MPEG-4 Audio,.mp4a
video/mp4,MPEG-4 Video,.mp4
application/mp4,MPEG4,.mp4
application/vnd.apple.mpegurl,Multimedia Playlist Unicode,.m3u8
application/vnd.musician,MUsical Score Interpreted Code Invented for the ASCII designation of Notation,.mus
application/vnd.muvee.style,Muvee Automatic Video Editing,.msty
application/xv+xml,MXML,.mxml
application/vnd.nokia.n-gage.data,N-Gage Game Data,.ngdat
application/vnd.nokia.n-gage.symbian.install,N-Gage Game Installer,.n-gage
application/x-dtbncx+xml,Navigation Control file for XML (for ePub),.ncx
application/x-netcdf,Network Common Data Form (NetCDF),.nc
application/vnd.neurolanguage.nlu,neuroLanguage,.nlu
application/vnd.dna,New Moon Liftoff/DNA,.dna
application/vnd.noblenet-directory,NobleNet Directory,.nnd
application/vnd.noblenet-sealer,NobleNet Sealer,.nns
application/vnd.noblenet-web,NobleNet Web,.nnw
application/vnd.nokia.radio-preset,Nokia Radio Application - Preset,.rpst
application/vnd.nokia.radio-presets,Nokia Radio Application - Preset,.rpss
text/n3,Notation3,.n3
application/vnd.novadigm.edm,Novadigm's RADIA and EDM products,.edm
application/vnd.novadigm.edx,Novadigm's RADIA and EDM products,.edx
application/vnd.novadigm.ext,Novadigm's RADIA and EDM products,.ext
application/vnd.flographit,NpGraphIt,.gph
audio/vnd.nuera.ecelp4800,Nuera ECELP 4800,.ecelp4800
audio/vnd.nuera.ecelp7470,Nuera ECELP 7470,.ecelp7470
audio/vnd.nuera.ecelp9600,Nuera ECELP 9600,.ecelp9600
application/oda,Office Document Architecture,.oda
application/ogg,Ogg,.ogx
audio/ogg,Ogg Audio,.oga
video/ogg,Ogg Video,.ogv
application/vnd.oma.dd2+xml,OMA Download Agents,.dd2
application/vnd.oasis.opendocument.text-web,Open Document Text Web,.oth
application/oebps-package+xml,Open eBook Publication Structure,.opf
application/vnd.intu.qbo,Open Financial Exchange,.qbo
application/vnd.openofficeorg.extension,Open Office Extension,.oxt
application/vnd.yamaha.openscoreformat,Open Score Format,.osf
audio/webm,Open Web Media Project - Audio,.weba
video/webm,Open Web Media Project - Video,.webm
application/vnd.oasis.opendocument.chart,OpenDocument Chart,.odc
application/vnd.oasis.opendocument.chart-template,OpenDocument Chart Template,.otc
application/vnd.oasis.opendocument.database,OpenDocument Database,.odb
application/vnd.oasis.opendocument.formula,OpenDocument Formula,.odf
application/vnd.oasis.opendocument.formula-template,OpenDocument Formula Template,.odft
application/vnd.oasis.opendocument.graphics,OpenDocument Graphics,.odg
application/vnd.oasis.opendocument.graphics-template,OpenDocument Graphics Template,.otg
application/vnd.oasis.opendocument.image,OpenDocument Image,.odi
application/vnd.oasis.opendocument.image-template,OpenDocument Image Template,.oti
application/vnd.oasis.opendocument.presentation,OpenDocument Presentation,.odp
application/vnd.oasis.opendocument.presentation-template,OpenDocument Presentation Template,.otp
application/vnd.oasis.opendocument.spreadsheet,OpenDocument Spreadsheet,.ods
application/vnd.oasis.opendocument.spreadsheet-template,OpenDocument Spreadsheet Template,.ots
application/vnd.oasis.opendocument.text,OpenDocument Text,.odt
application/vnd.oasis.opendocument.text-master,OpenDocument Text Master,.odm
application/vnd.oasis.opendocument.text-template,OpenDocument Text Template,.ott
image/ktx,OpenGL Textures (KTX),.ktx
application/vnd.sun.xml.calc,OpenOffice - Calc (Spreadsheet),.sxc
application/vnd.sun.xml.calc.template,OpenOffice - Calc Template (Spreadsheet),.stc
application/vnd.sun.xml.draw,OpenOffice - Draw (Graphics),.sxd
application/vnd.sun.xml.draw.template,OpenOffice - Draw Template (Graphics),.std
application/vnd.sun.xml.impress,OpenOffice - Impress (Presentation),.sxi
application/vnd.sun.xml.impress.template,OpenOffice - Impress Template (Presentation),.sti
application/vnd.sun.xml.math,OpenOffice - Math (Formula),.sxm
application/vnd.sun.xml.writer,OpenOffice - Writer (Text - HTML),.sxw
application/vnd.sun.xml.writer.global,OpenOffice - Writer (Text - HTML),.sxg
application/vnd.sun.xml.writer.template,OpenOffice - Writer Template (Text - HTML),.stw
application/x-font-otf,OpenType Font File,.otf
application/vnd.yamaha.openscoreformat.osfpvg+xml,OSFPVG,.osfpvg
application/vnd.osgi.dp,OSGi Deployment Package,.dp
application/vnd.palm,PalmOS Data,.pdb
text/x-pascal,Pascal Source File,.p
application/vnd.pawaafile,PawaaFILE,.paw
application/vnd.hp-pclxl,PCL 6 Enhanced (Formely PCL XL),.pclxl
application/vnd.picsel,Pcsel eFIF File,.efif
image/x-pcx,PCX Image,.pcx
image/vnd.adobe.photoshop,Photoshop Document,.psd
application/pics-rules,PICSRules,.prf
image/x-pict,PICT Image,.pic
application/x-chat,pIRCh,.chat
application/pkcs10,PKCS #10 - Certification Request Standard,.p10
application/x-pkcs12,PKCS #12 - Personal Information Exchange Syntax Standard,.p12
application/pkcs7-mime,PKCS #7 - Cryptographic Message Syntax Standard,.p7m
application/pkcs7-signature,PKCS #7 - Cryptographic Message Syntax Standard,.p7s
application/x-pkcs7-certreqresp,PKCS #7 - Cryptographic Message Syntax Standard (Certificate Request Response),.p7r
application/x-pkcs7-certificates,PKCS #7 - Cryptographic Message Syntax Standard (Certificates),.p7b
application/pkcs8,PKCS #8 - Private-Key Information Syntax Standard,.p8
application/vnd.pocketlearn,PocketLearn Viewers,.plf
image/x-portable-anymap,Portable Anymap Image,.pnm
image/x-portable-bitmap,Portable Bitmap Format,.pbm
application/x-font-pcf,Portable Compiled Format,.pcf
application/font-tdpfr,Portable Font Resource,.pfr
application/x-chess-pgn,Portable Game Notation (Chess Games),.pgn
image/x-portable-graymap,Portable Graymap Format,.pgm
image/png,Portable Network Graphics (PNG),.png
image/x-portable-pixmap,Portable Pixmap Format,.ppm
application/pskc+xml,Portable Symmetric Key Container,.pskcxml
application/vnd.ctc-posml,PosML,.pml
application/postscript,PostScript,.ai
application/x-font-type1,PostScript Fonts,.pfa
application/vnd.powerbuilder6,PowerBuilder,.pbd
application/pgp-encrypted,Pretty Good Privacy,""
application/pgp-signature,Pretty Good Privacy - Signature,.pgp
application/vnd.previewsystems.box,Preview Systems ZipLock/VBox,.box
application/vnd.pvi.ptid1,Princeton Video Image,.ptid
application/pls+xml,Pronunciation Lexicon Specification,.pls
application/vnd.pg.format,Proprietary P&G Standard Reporting System,.str
application/vnd.pg.osasli,Proprietary P&G Standard Reporting System,.ei6
text/prs.lines.tag,PRS Lines Tag,.dsc
application/x-font-linux-psf,PSF Fonts,.psf
application/vnd.publishare-delta-tree,PubliShare Objects,.qps
application/vnd.pmi.widget,Qualcomm's Plaza Mobile Internet,.wg
application/vnd.quark.quarkxpress,QuarkXpress,.qxd
application/vnd.epson.esf,QUASS Stream Player,.esf
application/vnd.epson.msf,QUASS Stream Player,.msf
application/vnd.epson.ssf,QUASS Stream Player,.ssf
application/vnd.epson.quickanime,QuickAnime Player,.qam
application/vnd.intu.qfx,Quicken,.qfx
video/quicktime,Quicktime Video,.qt
application/x-rar-compressed,RAR Archive,.rar
audio/x-pn-realaudio,Real Audio Sound,.ram
audio/x-pn-realaudio-plugin,Real Audio Sound,.rmp
application/rsd+xml,Really Simple Discovery,.rsd
application/vnd.rn-realmedia,RealMedia,.rm
application/vnd.realvnc.bed,RealVNC,.bed
application/vnd.recordare.musicxml,Recordare Applications,.mxl
application/vnd.recordare.musicxml+xml,Recordare Applications,.musicxml
application/relax-ng-compact-syntax,Relax NG Compact Syntax,.rnc
application/vnd.data-vision.rdz,RemoteDocs R-Viewer,.rdz
application/rdf+xml,Resource Description Framework,.rdf
application/vnd.cloanto.rp9,RetroPlatform Player,.rp9
application/vnd.jisp,RhymBox,.jisp
application/rtf,Rich Text Format,.rtf
text/richtext,Rich Text Format (RTF),.rtx
application/vnd.route66.link66+xml,ROUTE 66 Location Based Services,.link66
application/rss+xml,RSS - Really Simple Syndication,".rss, .xml"
application/shf+xml,S Hexdump Format,.shf
application/vnd.sailingtracker.track,SailingTracker,.st
image/svg+xml,Scalable Vector Graphics (SVG),.svg
application/vnd.sus-calendar,ScheduleUs,.sus
application/sru+xml,Search/Retrieve via URL Response Format,.sru
application/set-payment-initiation,Secure Electronic Transaction - Payment,.setpay
application/set-registration-initiation,Secure Electronic Transaction - Registration,.setreg
application/vnd.sema,Secured eMail,.sema
application/vnd.semd,Secured eMail,.semd
application/vnd.semf,Secured eMail,.semf
application/vnd.seemail,SeeMail,.see
application/x-font-snf,Server Normal Format,.snf
application/scvp-vp-request,Server-Based Certificate Validation Protocol - Validation Policies - Request,.spq
application/scvp-vp-response,Server-Based Certificate Validation Protocol - Validation Policies - Response,.spp
application/scvp-cv-request,Server-Based Certificate Validation Protocol - Validation Request,.scq
application/scvp-cv-response,Server-Based Certificate Validation Protocol - Validation Response,.scs
application/sdp,Session Description Protocol,.sdp
text/x-setext,Setext,.etx
video/x-sgi-movie,SGI Movie,.movie
application/vnd.shana.informed.formdata,Shana Informed Filler,.ifm
application/vnd.shana.informed.formtemplate,Shana Informed Filler,.itp
application/vnd.shana.informed.interchange,Shana Informed Filler,.iif
application/vnd.shana.informed.package,Shana Informed Filler,.ipk
application/thraud+xml,Sharing Transaction Fraud Data,.tfi
application/x-shar,Shell Archive,.shar
image/x-rgb,Silicon Graphics RGB Bitmap,.rgb
application/vnd.epson.salt,SimpleAnimeLite Player,.slt
application/vnd.accpac.simply.aso,Simply Accounting,.aso
application/vnd.accpac.simply.imp,Simply Accounting - Data Import,.imp
application/vnd.simtech-mindmapper,SimTech MindMapper,.twd
application/vnd.commonspace,Sixth Floor Media - CommonSpace,.csp
application/vnd.yamaha.smaf-audio,SMAF Audio,.saf
application/vnd.smaf,SMAF File,.mmf
application/vnd.yamaha.smaf-phrase,SMAF Phrase,.spf
application/vnd.smart.teacher,SMART Technologies Apps,.teacher
application/vnd.svd,SourceView Document,.svd
application/sparql-query,SPARQL - Query,.rq
application/sparql-results+xml,SPARQL - Results,.srx
application/srgs,Speech Recognition Grammar Specification,.gram
application/srgs+xml,Speech Recognition Grammar Specification - XML,.grxml
application/ssml+xml,Speech Synthesis Markup Language,.ssml
application/vnd.koan,SSEYO Koan Play File,.skp
text/sgml,Standard Generalized Markup Language (SGML),.sgml
application/vnd.stardivision.calc,StarOffice - Calc,.sdc
application/vnd.stardivision.draw,StarOffice - Draw,.sda
application/vnd.stardivision.impress,StarOffice - Impress,.sdd
application/vnd.stardivision.math,StarOffice - Math,.smf
application/vnd.stardivision.writer,StarOffice - Writer,.sdw
application/vnd.stardivision.writer-global,StarOffice - Writer (Global),.sgl
application/vnd.stepmania.stepchart,StepMania,.sm
application/x-stuffit,Stuffit Archive,.sit
application/x-stuffitx,Stuffit Archive,.sitx
application/vnd.solent.sdkm+xml,SudokuMagic,.sdkm
application/vnd.olpc-sugar,Sugar Linux Application Bundle,.xo
audio/basic,Sun Audio - Au file format,.au
application/vnd.wqd,SundaHus WQ,.wqd
application/vnd.symbian.install,Symbian Install Package,.sis
application/smil+xml,Synchronized Multimedia Integration Language,.smi
application/vnd.syncml+xml,SyncML,.xsm
application/vnd.syncml.dm+wbxml,SyncML - Device Management,.bdm
application/vnd.syncml.dm+xml,SyncML - Device Management,.xdm
application/x-sv4cpio,System V Release 4 CPIO Archive,.sv4cpio
application/x-sv4crc,System V Release 4 CPIO Checksum Data,.sv4crc
application/sbml+xml,Systems Biology Markup Language,.sbml
text/tab-separated-values,Tab Separated Values,.tsv
image/tiff,Tagged Image File Format,.tiff
application/vnd.tao.intent-module-archive,Tao Intent,.tao
application/x-tar,Tar File (Tape Archive),.tar
application/x-tcl,Tcl Script,.tcl
application/x-tex,TeX,.tex
application/x-tex-tfm,TeX Font Metric,.tfm
application/tei+xml,Text Encoding and Interchange,.tei
text/plain,Text File,.txt
application/vnd.spotfire.dxp,TIBCO Spotfire,.dxp
application/vnd.spotfire.sfs,TIBCO Spotfire,.sfs
application/timestamped-data,Time Stamped Data Envelope,.tsd
application/vnd.trid.tpt,TRI Systems Config,.tpt
application/vnd.triscape.mxs,Triscape Map Explorer,.mxs
text/troff,troff,.t
application/vnd.trueapp,True BASIC,.tra
application/x-font-ttf,TrueType Font,.ttf
text/turtle,Turtle (Terse RDF Triple Language),.ttl
application/vnd.umajin,UMAJIN,.umj
application/vnd.uoml+xml,Unique Object Markup Language,.uoml
application/vnd.unity,Unity 3d,.unityweb
application/vnd.ufdl,Universal Forms Description Language,.ufd
text/uri-list,URI Resolution Services,.uri
application/vnd.uiq.theme,User Interface Quartz - Theme (Symbian),.utz
application/x-ustar,Ustar (Uniform Standard Tape Archive),.ustar
text/x-uuencode,UUEncode,.uu
text/x-vcalendar,vCalendar,.vcs
text/x-vcard,vCard,.vcf
application/x-cdlink,Video CD,.vcd
application/vnd.vsf,Viewport+,.vsf
model/vrml,Virtual Reality Modeling Language,.wrl
application/vnd.vcx,VirtualCatalog,.vcx
model/vnd.mts,Virtue MTS,.mts
model/vnd.vtu,Virtue VTU,.vtu
application/vnd.visionary,Visionary,.vis
video/vnd.vivo,Vivo,.viv
"application/ccxml+xml,",Voice Browser Call Control,.ccxml
application/voicexml+xml,VoiceXML,.vxml
application/x-wais-source,WAIS Source,.src
application/vnd.wap.wbxml,WAP Binary XML (WBXML),.wbxml
image/vnd.wap.wbmp,WAP Bitamp (WBMP),.wbmp
audio/x-wav,Waveform Audio File Format (WAV),.wav
application/davmount+xml,Web Distributed Authoring and Versioning,.davmount
application/x-font-woff,Web Open Font Format,.woff
application/wspolicy+xml,Web Services Policy,.wspolicy
image/webp,WebP Image,.webp
application/vnd.webturbo,WebTurbo,.wtb
application/widget,Widget Packaging and XML Configuration,.wgt
application/winhlp,WinHelp,.hlp
text/vnd.wap.wml,Wireless Markup Language (WML),.wml
text/vnd.wap.wmlscript,Wireless Markup Language Script (WMLScript),.wmls
application/vnd.wap.wmlscriptc,WMLScript,.wmlsc
application/vnd.wordperfect,Wordperfect,.wpd
application/vnd.wt.stf,Worldtalk,.stf
application/wsdl+xml,WSDL - Web Services Description Language,.wsdl
image/x-xbitmap,X BitMap,.xbm
image/x-xpixmap,X PixMap,.xpm
image/x-xwindowdump,X Window Dump,.xwd
application/x-x509-ca-cert,X.509 Certificate,.der
application/x-xfig,Xfig,.fig
application/xhtml+xml,XHTML - The Extensible HyperText Markup Language,.xhtml
application/xml,XML - Extensible Markup Language,.xml
application/xcap-diff+xml,XML Configuration Access Protocol - XCAP Diff,.xdf
application/xenc+xml,XML Encryption Syntax and Processing,.xenc
application/patch-ops-error+xml,XML Patch Framework,.xer
application/resource-lists+xml,XML Resource Lists,.rl
application/rls-services+xml,XML Resource Lists,.rs
application/resource-lists-diff+xml,XML Resource Lists Diff,.rld
application/xslt+xml,XML Transformations,.xslt
application/xop+xml,XML-Binary Optimized Packaging,.xop
application/x-xpinstall,XPInstall - Mozilla,.xpi
application/xspf+xml,XSPF - XML Shareable Playlist Format,.xspf
application/vnd.mozilla.xul+xml,XUL - XML User Interface Language,.xul
chemical/x-xyz,XYZ File Format,.xyz
application/yang,YANG Data Modeling Language,.yang
application/yin+xml,YIN (YANG - XML),.yin
application/vnd.zul,Z.U.L. Geometry,.zir
application/zip,Zip Archive,.zip
application/vnd.handheld-entertainment+xml,ZVUE Media Manager,.zmm
application/vnd.zzazz.deck+xml,Zzazz Deck,.zaz
